Cheatham County,Country Fried,1,1,02:51,No Features
Cheatham County,J-Town Speaks,1,2,00:19,No Features
Cheatham County,Country Way,1,3,04:05,No Features
Cheatham County,Cheatham County,1,4,02:47,No Features
Cheatham County,American Dream,1,5,02:42,No Features
Cheatham County,Shoot the Moon,1,6,02:00,BB Swing
Cheatham County,Kick it Up,1,7,01:50,No Features
,,,,,
,,,,,
Heart of America,Intro - HR,2,1,00:31,No Features
Heart of America,Sh*t Bubba,2,2,02:48,No Features
Heart of America,Black Smoke,2,3,03:16,No Features
Heart of America,Keep It Country,2,4,03:45,Bubba Sparxxx
Heart of America,Hell Yeah,2,5,02:34,No Features
Heart of America,Skit - HR,2,6,00:34,No Features
Heart of America,Backwoods,2,7,03:51,No Features
Heart of America,Hourglass,2,8,02:42,Struggle Jennings
Heart of America,Struggle Phone Call,2,9,00:34,No Features
Heart of America,Wheels,2,10,03:19,No Features
Heart of America,Skit 2,2,11,00:38,No Features
Heart of America,Outlaw,2,12,04:05,Luke Combs
,,,,,
,,,,,
Chicken Willie,Intro - CW,3,1,00:15,No Features
Chicken Willie,Chicken Willie,3,2,02:36,No Features
Chicken Willie,Come and Get It,3,3,03:33,No Features
Chicken Willie,Tennessee Tilt,3,4,02:29,No Features
Chicken Willie,Dirty Boys,3,5,02:48,No Features
Chicken Willie,Bulletproof,3,6,03:27,Justin Adams
Chicken Willie,Skit - CW,3,7,00:22,No Features
Chicken Willie,Deep Inside the Stix,3,8,02:52,No Features
Chicken Willie,She Is a Little Country,3,9,02:55,No Features
Chicken Willie,My Roots,3,10,03:26,No Features
,,,,,
,,,,,
Bad Mutha F*cka,The Other Way,4,1,03:10,No Features
Bad Mutha F*cka,Bad Mutha F*cka,4,2,03:02,No Features
Bad Mutha F*cka,Hillbilly,4,3,02:30,No Features
Bad Mutha F*cka,The Old Days,4,4,03:54,Justin Adams
Bad Mutha F*cka,Welcome to the Country,4,5,03:41,No Features
Bad Mutha F*cka,Red White and Blue Jeans,4,6,04:34,No Features
Bad Mutha F*cka,Down in the Holler,4,7,03:15,Justin Adams
Bad Mutha F*cka,Donald Trump,4,8,02:18,No Features
Bad Mutha F*cka,Can't F*ck with Us,4,9,02:36,No Features
Bad Mutha F*cka,Rolling Stoned,4,10,03:38,No Features
,,,,,
,,,,,
Son of the South,Son of the South,5,1,03:26,No Features
Son of the South,Country as It Gets,5,2,02:46,No Features
Son of the South,Walking Tall,5,3,02:41,No Features
Son of the South,Quit Lyin,5,4,03:22,No Features
Son of the South,Vibes,5,5,03:22,No Features
Son of the South,Ghost,5,6,03:11,No Features
Son of the South,Red Carpet,5,7,02:27,No Features
Son of the South,White Trash,5,8,03:09,No Features
Son of the South,How I Shine,5,9,02:53,No Features
Son of the South,Show Off,5,10,02:51,No Features
Son of the South,All Night Long,5,11,02:40,No Features
,,,,,
,,,,,
Summer Love,American Made,6,1,02:43,No Features
Summer Love,Country    ,6,2,02:39,No Features
Summer Love,Living for the Moment,6,3,03:25,No Features
Summer Love,Summer Love,6,4,03:30,No Features
Summer Love,Without You,6,5,03:15,Rizzi Myers
Summer Love,Where It All Went Down,6,6,03:01,No Features
,,,,,
,,,,,
King of Dixie,Traveler,7,1,02:46,No Features
King of Dixie,White Lightning,7,2,03:51,No Features
King of Dixie,Legend,7,3,03:41,No Features
King of Dixie,Livin' in a Country Song,7,4,03:43,No Features
King of Dixie,Johnny Cash,7,5,02:42,No Features
King of Dixie,Conspiracy,7,6,02:46,No Features
King of Dixie,Tonight,7,7,03:36,No Features
King of Dixie,Tennessee Dreamin',7,8,02:37,No Features
King of Dixie,Tunnel Vision,7,9,02:30,No Features
King of Dixie,Redneck for Real,7,10,03:00,No Features
King of Dixie,Loveless,7,11,05:08,Robert James
King of Dixie,Radio Jam,7,12,03:19,No Features
King of Dixie,Running on Fumes,7,13,02:17,Jelly Roll
King of Dixie,Tore Up,7,14,03:52,No Features
King of Dixie,Bloodshed,7,15,03:08,No Features
King of Dixie,American Grown,7,16,02:43,No Features
King of Dixie,King of Dixie,7,17,03:06,No Features
King of Dixie,Go for It,7,18,02:24,No Features
King of Dixie,My Own Lane,7,19,03:34,No Features
,,,,,
,,,,,
Project X,Feel Good,8,1,03:04,"Bottleneck, Justin Adams"
Project X,Dixie Land,8,2,03:32,Bottleneck
Project X,Turn up the Night,8,3,03:11,Bottleneck
Project X,Buzz Won't Last,8,4,02:59,Bottleneck
Project X,Pass That Jar Around,8,5,03:07,"Bottleneck, Chandler Roberts"
Project X,Dirty Hat,8,6,02:39,Bottleneck
Project X,Lord Knows,8,7,03:12,"Bottleneck, Justin Adams"
Project X,Redneck Way of Life,8,8,03:11,"Bottleneck, Justin Adams"
Project X,Country Boy Shit,8,9,03:16,Bottleneck
,,,,,
,,,,,
Creeker,Spotlight,9,1,02:52,No Features
Creeker,Rattlin Chains,9,2,02:31,No Features
Creeker,Blow My Smoke,9,3,03:22,No Features
Creeker,Pond Creek Road,9,4,02:44,No Features
Creeker,How High,9,5,03:40,No Features
Creeker,Dirty South,9,6,02:49,No Features
Creeker,Burnin,9,7,02:34,No Features
Creeker,Bells,9,8,03:23,No Features
Creeker,Phantom of the Pines,9,9,02:48,No Features
Creeker,Llewellyn,9,10,02:48,No Features
,,,,,
,,,,,
The Oven,Coastin',10,1,02:49,Demun Jones
The Oven,The Oven,10,2,03:10,Demun Jones
The Oven,World Went to Waste,10,3,04:07,Demun Jones
The Oven,Business,10,4,02:39,Demun Jones
The Oven,Smilin,10,5,03:20,Demun Jones
The Oven,An Outlaw's Song,10,6,03:12,Demun Jones
The Oven,My Own,10,7,03:09,Demun Jones
The Oven,God's Work,10,8,02:49,Demun Jones
The Oven,Off Road,10,9,04:19,Demun Jones
,,,,,
,,,,,
Supernatural,Supernatural,11,1,02:48,No Features
Supernatural,The Tennessean,11,2,03:46,Struggle Jennings
Supernatural,My Neck of the Woods,11,3,03:23,No Features
Supernatural,Country Cut Celebrity,11,4,03:04,No Features
Supernatural,No One,11,5,03:46,Rizzi Myers
Supernatural,Who,11,6,02:48,No Features
Supernatural,Frozen,11,7,03:04,No Features
Supernatural,Cowboy,11,8,03:50,Carly Rogers
Supernatural,Blah Blah,11,9,03:06,Big Murph
Supernatural,Mohican,11,10,03:26,No Features
Supernatural,Take My Hands,11,11,02:14,Trace Cyrus
Supernatural,Empty Grave,11,12,04:14,Rizzi Myers
,,,,,
,,,,,
River Rat,Intro - Skit,12,1,01:29,No Features
River Rat,Dukes of Hazzard,12,2,02:08,No Features
River Rat,Yz,12,3,02:49,No Features
River Rat,C.H.E.a.T.H.a.M.,12,4,02:19,No Features
River Rat,River Rat Defined - Skit,12,5,00:47,No Features
River Rat,River Rat,12,6,02:04,No Features
River Rat,Cornbread,12,7,02:29,No Features
River Rat,Hank Hill,12,8,02:47,No Features
River Rat,Don't Come Knockin,12,9,03:24,No Features
River Rat,Busy,12,10,03:02,No Features
River Rat,Steer Clear,12,11,02:51,No Features
River Rat,We Don't,12,12,02:01,No Features
,,,,,
,,,,,
Creeker 2,Animal,13,1,02:32,No Features
Creeker 2,Gassed Up,13,2,02:37,No Features
Creeker 2,Ghost Ranch,13,3,04:02,No Features
Creeker 2,Nashvegas,13,4,03:23,No Features
Creeker 2,Alcoholic Shrink,13,5,03:34,No Features
Creeker 2,Hillbilly Psycho,13,6,04:10,No Features
Creeker 2,Forever Fame,13,7,02:21,No Features
Creeker 2,Legend of the South,13,8,03:43,No Features
Creeker 2,Dirty Elvis,13,9,02:32,No Features
Creeker 2,Blue Moon,13,10,04:15,No Features
,,,,,
,,,,,
Parachute,Fallen,14,1,03:24,Mama Church
Parachute,Parachute,14,2,03:19,No Features
Parachute,One of Them Buddies,14,3,02:57,No Features
Parachute,West Side,14,4,03:27,Struggle Jennings
Parachute,Holler Boys,14,5,03:31,No Features
Parachute,No One Told Us,14,6,03:03,No Features
Parachute,Dance with the Devil,14,7,04:04,"Katie Noel, Chucky V"
Parachute,Some Days,14,8,03:02,No Features
Parachute,Huckleberry,14,9,03:12,No Features
Parachute,Wake Me Up,14,10,04:10,No Features
,,,,,
,,,,,
Hooligan,Ones Like Me,15,1,02:36,Adam Calhoun
Hooligan,Sow'n,15,2,02:57,Adam Calhoun
Hooligan,Hooligan,15,3,02:29,Adam Calhoun
Hooligan,Us,15,4,02:50,Adam Calhoun
Hooligan,Legends,15,5,02:30,Adam Calhoun
Hooligan,Everybody Knows,15,6,03:09,Adam Calhoun
Hooligan,Back N Forth,15,7,02:59,Adam Calhoun
Hooligan,Holy Ghost,15,8,02:21,Adam Calhoun
Hooligan,Seraphim,15,9,03:08,Adam Calhoun
,,,,,
,,,,,
Everlasting Country,Rollin Stoned II,16,1,03:47,No Features
Everlasting Country,Tennessee,16,2,03:23,No Features
Everlasting Country,Sonic Drive-In,16,3,02:54,No Features
Everlasting Country,Everlasting Country,16,4,03:27,No Features
Everlasting Country,Whippoorwill,16,5,03:07,No Features
Everlasting Country,Stole the Show,16,6,02:43,No Features
Everlasting Country,Slow Down,16,7,03:06,No Features
Everlasting Country,Country Girls,16,8,03:05,No Features
Everlasting Country,Step On It,16,9,02:09,Carly Rogers
Everlasting Country,Sunshine Girl,16,10,02:37,No Features
Everlasting Country,Roots Run Deep,16,11,03:33,No Features
,,,,,
,,,,,
Hideas: The Album,Hideas 1,17,1,02:53,No Features
Hideas: The Album,Hideas 2,17,2,02:55,No Features
Hideas: The Album,Hideas 3,17,3,02:47,No Features
Hideas: The Album,Hideas 4,17,4,03:16,No Features
Hideas: The Album,Hideas 5,17,5,03:05,No Features
Hideas: The Album,Hideas 6,17,6,02:36,No Features
Hideas: The Album,Hideas 7,17,7,03:46,No Features
Hideas: The Album,Hideas 8,17,8,02:59,No Features
Hideas: The Album,Hideas 9,17,9,03:02,No Features
Hideas: The Album,Hideas 10,17,10,03:51,No Features
,,,,,
,,,,,
Mud to Gold,Melatonin,18,1,03:04,No Features
Mud to Gold,My Yard,18,2,02:51,No Features
Mud to Gold,Side Road Fresh,18,3,02:41,Paul Wall
Mud to Gold,Mud to Gold,18,4,03:04,No Features
Mud to Gold,This That,18,5,03:26,No Features
Mud to Gold,Gas,18,6,02:39,No Features
Mud to Gold,Hitchhike,18,7,04:15,No Features
Mud to Gold,Train Wreck,18,8,03:25,Lil Wyte
Mud to Gold,Blame Us,18,9,03:31,"Merkules, Jelly Roll"
Mud to Gold,Keys to the Country,18,10,02:36,No Features
Mud to Gold,Last Year,18,11,02:25,No Features
Mud to Gold,Don't Want to Go Home,18,12,02:53,No Features
Mud to Gold,Supernova Souls,18,13,03:51,No Features
,,,,,
,,,,,
Same Ol Same Ol,Alive & Well,19,1,03:10,No Features
Same Ol Same Ol,Same Ol Same Ol,19,2,03:32,No Features
Same Ol Same Ol,What I Claim,19,3,03:35,No Features
Same Ol Same Ol,Shoulda Coulda,19,4,03:03,No Features
Same Ol Same Ol,Dusty Side of Music City,19,5,03:08,No Features
Same Ol Same Ol,Love Her Again,19,6,03:44,No Features
Same Ol Same Ol,Black Sheep,19,7,03:52,No Features
Same Ol Same Ol,Hella Hit Song,19,8,03:29,No Features
Same Ol Same Ol,Real Country,19,9,03:36,No Features
Same Ol Same Ol,Trade Getting Drunk,19,10,03:23,No Features
Same Ol Same Ol,Cowboy Movies,19,11,03:18,No Features
Same Ol Same Ol,A Little While,19,12,03:08,Clay Walker
Same Ol Same Ol,Miss My Buddies,19,13,03:48,No Features
Same Ol Same Ol,Different Cloth,19,14,02:29,No Features
Same Ol Same Ol,Vinyl - Acoustic,19,15,04:16,No Features
